model,item,dataset,forward_status,rouge_l,bleu,word_lev_sim,quoted_share,length_ratio,language_switch,turns_differ,turns_original,turns_reconstruction,steps_differ,numbers_lost,names_lost,identifiers_lost,added_words
Gemini 3.7 Flash,alfred-1,ALFRED,success,0.5333333333333334,0.12882350381606306,0.3623188405797102,0.027777777777777776,0.5217391304347826,False,True,2,0,True,1.0,1.0,,0.08333333333333333
Gemini 3.7 Flash,alfred-2,ALFRED,success,0.6244343891402715,0.18763747431775876,0.48920863309352514,0.03343465045592705,0.5899280575539568,False,True,2,0,True,1.0,0.0,,0.06097560975609756
Gemini 3.7 Flash,alfred-3,ALFRED,success,0.5935483870967742,0.24424652141969466,0.48913043478260865,0.022727272727272728,0.6847826086956522,False,True,2,0,True,1.0,1.0,,0.047619047619047616
Gemini 3.7 Flash,alfred-4,ALFRED,success,0.4936708860759494,0.13943896340744666,0.24096385542168675,0.017079419299743808,0.9036144578313253,False,True,2,0,True,1.0,,,0.06666666666666667
Gemini 3.7 Flash,alfred-5,ALFRED,success,0.6025641025641025,0.1422346025940866,0.46875,0.055384615384615386,0.625,False,True,2,0,True,1.0,1.0,,0.08333333333333333
Gemini 3.7 Flash,alfred-6,ALFRED,success,0.44444444444444436,0.08242291046760186,0.3157894736842105,0.02287581699346405,0.42105263157894735,False,True,2,0,True,1.0,1.0,,0.125
Gemini 3.7 Flash,alfred-7,ALFRED,success,0.5423728813559323,0.04586085397911032,0.43243243243243246,0.05741626794258373,0.5945945945945946,False,False,2,2,True,1.0,,,0.09090909090909091
Gemini 3.7 Flash,alfred-8,ALFRED,success,0.624390243902439,0.26551427100096453,0.5172413793103448,0.030477759472817133,0.7672413793103449,False,False,2,2,True,1.0,1.0,,0.0449438202247191
Gemini 3.7 Flash,mind2web-1,Mind2Web,success,0.619047619047619,0.22190661929659633,0.4666666666666667,0.1400617919670443,0.8666666666666667,False,False,2,2,False,0.0,0.0,,0.05128205128205128
Gemini 3.7 Flash,mind2web-2,Mind2Web,success,0.5822784810126581,0.25183035367134926,0.4883720930232558,0.1621454993834772,0.8372093023255814,True,False,2,2,True,1.0,0.0,,0.05555555555555555
Gemini 3.7 Flash,mind2web-3,Mind2Web,success,0.6868686868686869,0.3826647564681566,0.4807692307692307,0.15343601895734596,1.1063829787234043,True,False,2,2,False,0.0,0.0,,0.057692307692307696
Gemini 3.7 Flash,mind2web-4,Mind2Web,success,0.6896551724137931,0.4015100170738186,0.5454545454545454,0.1699402220324509,1.0232558139534884,False,False,2,2,True,1.0,0.14285714285714285,,0.045454545454545456
Gemini 3.7 Flash,mind2web-5,Mind2Web,success,0.4776119402985074,0.08682236375240276,0.22535211267605637,0.11818181818181818,0.8873239436619719,False,False,2,2,False,0.0,0.07142857142857142,,0.23809523809523808
Gemini 3.7 Flash,mind2web-6,Mind2Web,success,0.4719101123595506,0.17662374009477724,0.3555555555555555,0.13555675094136632,1.0227272727272727,False,False,2,2,True,1.0,0.14285714285714285,,0.2222222222222222
Gemini 3.7 Flash,mind2web-7,Mind2Web,success,0.5490196078431373,0.1857805905876768,0.42307692307692313,0.13781877373846987,1.04,True,False,2,2,False,0.0,0.0,,0.038461538461538464
Gemini 3.7 Flash,mind2web-8,Mind2Web,success,0.2777777777777778,0.03897585983835364,0.1923076923076923,0.06491885143570537,0.38461538461538464,False,False,2,2,False,0.6666666666666666,0.25,,0.3
Gemini 3.7 Flash,paths-1,PATHs,success,0.12544802867383512,0.002487174223837874,0.07568807339449546,0.0592797783933518,0.2483221476510067,False,False,6,6,False,,0.4166666666666667,,0.38738738738738737
Gemini 3.7 Flash,paths-2,PATHs,success,0.23494860499265782,0.013268206862356054,0.13857677902621723,0.1765743073047859,0.27289719626168224,False,False,4,4,True,0.5555555555555556,0.44,1.0,0.13013698630136986
Gemini 3.7 Flash,paths-3,PATHs,success,0.13243546576879908,0.00013359925640144752,0.07207207207207211,0.20454545454545456,0.1264222503160556,False,False,4,4,False,1.0,0.2894736842105263,,0.17
Gemini 3.7 Flash,paths-4,PATHs,success,0.19484240687679083,0.003805706446526847,0.09847198641765709,0.16846846846846847,0.18305084745762712,False,False,8,8,False,,0.1,,0.17592592592592593
Gemini 3.7 Flash,paths-6,PATHs,success,0.28965517241379307,0.024249241297248193,0.1742983751846381,0.15701185417132632,0.2775330396475771,False,False,10,10,False,0.0,0.4666666666666667,,0.06349206349206349
Gemini 3.7 Flash,paths-7,PATHs,success,0.118491921005386,0.0015094426997165455,0.0665137614678899,0.05303030303030303,0.20824295010845986,False,False,8,8,False,1.0,0.6,,0.4479166666666667
Gemini 3.7 Flash,paths-8,PATHs,success,0.15813953488372096,0.022567894526569834,0.1007194244604317,0.046255506607929514,0.5467625899280576,False,False,6,6,False,,0.5,,0.40789473684210525
Gemini 3.7 Flash,prism-1,PRISM,success,0.281437125748503,0.07981230578334109,0.1834061135371179,0.1222509702457956,0.4585152838427948,False,False,4,4,False,0.0,0.3333333333333333,,0.2857142857142857
Gemini 3.7 Flash,prism-2,PRISM,success,0.32751091703056767,0.07867174498253307,0.17525773195876293,0.09936831875607385,0.5631399317406144,False,False,4,4,False,0.0,0.25,,0.15757575757575756
Gemini 3.7 Flash,prism-3,PRISM,success,0.2448453608247423,0.044635221698545544,0.16081330868761556,0.20510114335971855,0.429097605893186,False,False,6,6,True,1.0,0.25,,0.2446351931330472
Gemini 3.7 Flash,prism-4,PRISM,success,0.20612813370473537,0.03081293586835436,0.13913043478260867,0.08688293370944992,0.5211864406779662,False,False,7,7,False,,,,0.25203252032520324
Gemini 3.7 Flash,prism-5,PRISM,success,0.3094170403587444,0.07216295160965429,0.21575342465753422,0.13209907430572929,0.5273972602739726,False,False,4,4,False,1.0,0.0,,0.2857142857142857
Gemini 3.7 Flash,prism-6,PRISM,success,0.28756058158319875,0.08369623432889198,0.16574585635359118,0.1900610287707062,0.672972972972973,False,False,8,8,True,,0.21428571428571427,,0.21686746987951808
Gemini 3.7 Flash,prism-7,PRISM,success,0.29457364341085274,0.03469648296968473,0.18362282878411906,0.12850954596502487,0.5847665847665847,False,False,8,8,False,0.0,0.7142857142857143,,0.31092436974789917
Gemini 3.7 Flash,prism-8,PRISM,success,0.252,0.03569359928352927,0.17002881844380402,0.1289628180039139,0.4326647564469914,False,False,6,6,False,,1.0,,0.2582781456953642
Gemini 3.7 Flash,swebench-1,SWE-bench,success,0.24137931034482765,0.04237613639347357,0.11627906976744184,0.2275172943889316,0.3488372093023256,False,False,2,2,True,0.5,0.7647058823529411,0.7222222222222222,0.25333333333333335
Gemini 3.7 Flash,swebench-2,SWE-bench,success,0.304,0.14179569422122285,0.1917808219178082,0.10253082414016872,1.4038461538461537,False,False,2,2,True,0.6,0.3333333333333333,0.0,0.5205479452054794
Gemini 3.7 Flash,swebench-4,SWE-bench,failed,0.36220472440944884,0.12363770757767448,0.22619047619047616,0.14850686037126715,0.49411764705882355,False,False,2,2,True,0.5,0.0,0.0,0.23809523809523808
Gemini 3.7 Flash,swebench-5,SWE-bench,success,0.281767955801105,0.11095617043664978,0.14977973568281944,0.19317746262935992,0.5947136563876652,False,False,2,2,True,0.38461538461538464,0.5714285714285714,0.7,0.25925925925925924
Gemini 3.7 Flash,swebench-6,SWE-bench,success,0.7058823529411765,0.33764591090632756,0.4444444444444444,0.12089810017271158,0.8888888888888888,False,False,2,2,False,1.0,,0.0,0.125
Gemini 3.7 Flash,swebench-7,SWE-bench,success,0.5185185185185185,0.32968972752260334,0.4545454545454546,0.17668997668997669,1.3275862068965518,False,False,2,2,False,0.0,0.3333333333333333,0.0,0.2727272727272727
Gemini 3.7 Flash,swebench-8,SWE-bench,success,0.11520737327188939,0.005351240182977169,0.048850574712643646,0.1427783902976847,0.24,False,False,2,2,False,1.0,0.6521739130434783,0.96,0.3333333333333333
Gemini 3.7 Flash,thoughttrace-1,ThoughtTrace,success,0.04623115577889447,0.00023698087627990115,0.0267379679144385,0.08091024020227561,0.20998719590268886,True,False,8,8,True,0.8571428571428571,0.8023255813953488,,0.7926829268292683
Gemini 3.7 Flash,thoughttrace-2,ThoughtTrace,success,0.17441860465116277,0.006472892302517214,0.09691629955947134,0.10876033057851239,0.25547445255474455,False,False,4,4,True,0.7666666666666667,0.7264150943396226,1.0,0.07428571428571429
Gemini 3.7 Flash,thoughttrace-3,ThoughtTrace,success,0.26865671641791045,0.07556484182514617,0.1724137931034483,0.06722054380664652,0.5402298850574713,False,False,2,2,True,1.0,0.3333333333333333,1.0,0.3829787234042553
Gemini 3.7 Flash,thoughttrace-4,ThoughtTrace,success,0.22004889975550124,0.030841158101913565,0.12037037037037035,0.1135600335852225,0.8590909090909091,False,False,2,2,True,0.8333333333333334,0.6595744680851063,1.0,0.42857142857142855
Gemini 3.7 Flash,thoughttrace-5,ThoughtTrace,success,0.23834196891191714,0.010385241191184938,0.13559322033898302,0.11052417716375457,0.30847457627118646,False,False,2,2,True,0.5,0.7894736842105263,1.0,0.23076923076923078
Gemini 3.7 Flash,thoughttrace-6,ThoughtTrace,success,0.09660842754367935,2.75704762254162e-05,0.05102040816326525,0.07408397967370955,0.10192525481313704,False,False,4,4,True,0.5714285714285714,0.797979797979798,1.0,0.1111111111111111
Gemini 3.7 Flash,thoughttrace-7,ThoughtTrace,success,0.2979683972911964,0.0318606716371127,0.20376175548589337,0.054901089130917985,0.3887147335423197,False,False,2,2,True,1.0,0.6176470588235294,1.0,0.21774193548387097
Gemini 3.7 Flash,thoughttrace-8,ThoughtTrace,success,0.17493472584856398,0.0020095583786894446,0.10030864197530864,0.12407761683520087,0.17846153846153845,False,False,2,2,True,1.0,0.7297297297297297,1.0,0.21551724137931033
Gemini 3.7 Flash (high effort),alfred-1,ALFRED,success,0.6991869918699186,0.28484108564244837,0.5797101449275363,0.009628610729023384,0.782608695652174,False,True,2,0,True,1.0,1.0,,0.07407407407407407
Gemini 3.7 Flash (high effort),alfred-2,ALFRED,success,0.6141078838174274,0.21800514504520677,0.48920863309352514,0.027414330218068536,0.7338129496402878,False,True,2,0,True,1.0,0.0,,0.049019607843137254
Gemini 3.7 Flash (high effort),alfred-3,ALFRED,success,0.6174496644295302,0.2655647028747781,0.48913043478260865,0.024208566108007448,0.6195652173913043,False,True,2,0,True,1.0,1.0,,0.05263157894736842
Gemini 3.7 Flash (high effort),alfred-4,ALFRED,success,0.5063291139240506,0.13782668131417414,0.2650602409638554,0.016181229773462782,0.9036144578313253,False,True,2,0,True,1.0,,,0.09333333333333334
Gemini 3.7 Flash (high effort),alfred-5,ALFRED,success,0.6790123456790123,0.2254079571027608,0.5520833333333333,0.042620363062352014,0.6875,False,False,2,2,True,1.0,0.0,,0.045454545454545456
Gemini 3.7 Flash (high effort),alfred-6,ALFRED,failed,0.43373493975903615,0.0949207278462325,0.3157894736842105,0.07635467980295567,0.45614035087719296,False,True,2,0,True,1.0,0.5,,0.11538461538461539
Gemini 3.7 Flash (high effort),alfred-7,ALFRED,success,0.49504950495049505,0.07985229644623824,0.390625,0.05321100917431193,1.7297297297297298,False,False,2,2,True,0.0,,,0.4375
Gemini 3.7 Flash (high effort),alfred-8,ALFRED,success,0.5520833333333333,0.1529237817042126,0.4568965517241379,0.04223744292237443,0.6551724137931034,False,True,2,0,True,1.0,1.0,,0.13157894736842105
Gemini 3.7 Flash (high effort),mind2web-1,Mind2Web,success,0.6692913385826772,0.28387029516127155,0.5481481481481482,0.1408124605346243,0.8814814814814815,False,False,2,2,False,0.0,0.0,,0.058823529411764705
Gemini 3.7 Flash (high effort),mind2web-2,Mind2Web,success,0.6329113924050633,0.25183035367134926,0.5116279069767442,0.15891238670694863,0.8372093023255814,True,False,2,2,False,0.0,0.0,,0.05555555555555555
Gemini 3.7 Flash (high effort),mind2web-3,Mind2Web,failed,0.6593406593406593,0.34615758071687575,0.46808510638297873,0.14958775029446408,0.9361702127659575,False,False,2,2,False,0.0,0.0,,0.11363636363636363
Gemini 3.7 Flash (high effort),mind2web-4,Mind2Web,success,0.6829268292682927,0.3748646886819175,0.5581395348837209,0.15601023017902813,0.9069767441860465,False,False,2,2,True,1.0,0.14285714285714285,,0.02564102564102564
Gemini 3.7 Flash (high effort),mind2web-5,Mind2Web,success,0.53125,0.10150411826656516,0.352112676056338,0.1159375,0.8028169014084507,False,False,2,2,False,0.0,0.07142857142857142,,0.10526315789473684
Gemini 3.7 Flash (high effort),mind2web-6,Mind2Web,success,0.5111111111111111,0.1899632865285766,0.3913043478260869,0.13168516649848638,1.0454545454545454,False,False,2,2,False,0.0,0.14285714285714285,,0.1956521739130435
Gemini 3.7 Flash (high effort),mind2web-7,Mind2Web,success,0.5490196078431373,0.19837465169095114,0.4423076923076923,0.13804347826086957,1.04,True,False,2,2,False,0.0,0.0,,0.057692307692307696
Gemini 3.7 Flash (high effort),mind2web-8,Mind2Web,success,0.3684210526315789,0.053041890456579865,0.23076923076923073,0.06396063960639606,0.46153846153846156,False,False,2,2,False,0.0,0.0,,0.16666666666666666
Gemini 3.7 Flash (high effort),paths-1,PATHs,success,0.17472698907956316,0.00958093947868523,0.11238532110091748,0.06790123456790123,0.43400447427293065,False,False,6,6,False,,0.5833333333333334,,0.4020618556701031
Gemini 3.7 Flash (high effort),paths-2,PATHs,success,0.2708618331053352,0.03843975205571345,0.16479400749063666,0.14763860369609857,0.3663551401869159,False,False,4,4,True,0.1111111111111111,0.28,1.0,0.11224489795918367
Gemini 3.7 Flash (high effort),paths-3,PATHs,success,0.13348164627363737,0.0002602524713583003,0.07464607464607464,0.13976816763263486,0.13653603034134007,False,False,4,4,False,1.0,0.23684210526315788,,0.18518518518518517
Gemini 3.7 Flash (high effort),paths-4,PATHs,success,0.2231638418079096,0.006940649277260082,0.1307300509337861,0.16482628602208457,0.2,False,False,8,8,False,,0.0,,0.211864406779661
Gemini 3.7 Flash (high effort),paths-6,PATHs,success,0.27455357142857145,0.016286361927759875,0.1610044313146234,0.12389562358742552,0.315712187958884,False,False,10,10,False,0.0,0.4666666666666667,,0.06511627906976744
Gemini 3.7 Flash (high effort),paths-7,PATHs,success,0.17314487632508835,0.003022597194532815,0.0986238532110092,0.07376754228139619,0.227765726681128,False,False,8,8,False,0.0,0.6,,0.2571428571428571
Gemini 3.7 Flash (high effort),paths-8,PATHs,success,0.36666666666666664,0.10400926621085867,0.27338129496402874,0.10468008139271988,0.7266187050359713,False,False,6,6,False,,0.5,,0.2871287128712871
Gemini 3.7 Flash (high effort),prism-1,PRISM,success,0.36040609137055835,0.11595039472162354,0.2532751091703057,0.12484811664641556,0.7205240174672489,False,False,4,4,False,0.0,0.3333333333333333,,0.21818181818181817
Gemini 3.7 Flash (high effort),prism-2,PRISM,success,0.2995169082125604,0.0357012837131198,0.20274914089347074,0.07010500308832612,0.4129692832764505,False,False,4,4,False,0.0,0.5,,0.1487603305785124
Gemini 3.7 Flash (high effort),prism-3,PRISM,success,0.16133518776077885,0.007798498986854757,0.09611829944547134,0.1578186325139434,0.3241252302025783,False,False,6,6,True,1.0,0.5,,0.32954545454545453
Gemini 3.7 Flash (high effort),prism-4,PRISM,success,0.28169014084507044,0.04025177168695724,0.20434782608695656,0.085628442663996,0.5042372881355932,False,False,7,7,False,,,,0.25210084033613445
Gemini 3.7 Flash (high effort),prism-5,PRISM,success,0.35129740518962077,0.10953927502755663,0.2191780821917808,0.12059859154929578,0.7157534246575342,False,False,4,4,False,1.0,0.0,,0.2631578947368421
Gemini 3.7 Flash (high effort),prism-6,PRISM,success,0.2326454033771107,0.02736670405465859,0.13812154696132595,0.15389093731806713,0.44054054054054054,False,False,8,8,True,,0.35714285714285715,,0.2147239263803681
Gemini 3.7 Flash (high effort),prism-7,PRISM,success,0.3272727272727273,0.06692341702860943,0.21339950372208438,0.09741193386053199,0.4864864864864865,False,False,8,8,False,0.0,1.0,,0.24242424242424243
Gemini 3.7 Flash (high effort),prism-8,PRISM,success,0.3378119001919386,0.09247333125677726,0.24495677233429392,0.11104651162790698,0.49283667621776506,False,False,6,6,False,,1.0,,0.1686046511627907
Gemini 3.7 Flash (high effort),swebench-1,SWE-bench,success,0.3003003003003003,0.10952301878187935,0.1813953488372093,0.20850015398829688,0.5488372093023256,False,False,2,2,True,0.5,0.5882352941176471,0.6666666666666666,0.2627118644067797
Gemini 3.7 Flash (high effort),swebench-2,SWE-bench,success,0.33870967741935487,0.142144689462689,0.2222222222222222,0.0927367055771725,1.3846153846153846,False,False,2,2,True,0.6,0.3333333333333333,0.0,0.5833333333333334
Gemini 3.7 Flash (high effort),swebench-4,SWE-bench,failed,0.42176870748299317,0.2060574122411471,0.33333333333333337,0.15453527435610304,0.7294117647058823,False,False,2,2,True,0.75,0.0,0.0,0.3064516129032258
Gemini 3.7 Flash (high effort),swebench-5,SWE-bench,success,0.28160919540229884,0.09192487265341663,0.16299559471365643,0.16251298026998962,0.5330396475770925,False,False,2,2,True,0.38461538461538464,0.5714285714285714,0.7,0.2396694214876033
Gemini 3.7 Flash (high effort),swebench-6,SWE-bench,success,0.35000000000000003,0.06313723621572041,0.22580645161290325,0.07952871870397643,3.4444444444444446,False,False,2,2,False,1.0,,0.0,0.6451612903225806
Gemini 3.7 Flash (high effort),swebench-7,SWE-bench,success,0.7096774193548386,0.5277677712596192,0.6666666666666667,0.15247863247863247,1.1379310344827587,False,False,2,2,False,0.0,0.16666666666666666,0.0,0.15151515151515152
Gemini 3.7 Flash (high effort),swebench-8,SWE-bench,success,0.13270142180094788,0.0038281410878537856,0.06896551724137934,0.15660919540229884,0.2057142857142857,False,False,2,2,False,1.0,0.6956521739130435,0.96,0.25
Gemini 3.7 Flash (high effort),thoughttrace-1,ThoughtTrace,success,0.05825242718446602,0.002131047435025351,0.03342245989304815,0.09268645908761766,0.25480153649167736,True,False,8,8,True,1.0,0.7558139534883721,,0.7688442211055276
Gemini 3.7 Flash (high effort),thoughttrace-2,ThoughtTrace,success,0.16910935738444194,0.007777789176803096,0.09251101321585908,0.11625858728201514,0.2948905109489051,False,False,4,4,True,0.7333333333333333,0.7452830188679245,1.0,0.12376237623762376
Gemini 3.7 Flash (high effort),thoughttrace-3,ThoughtTrace,success,0.36231884057971014,0.07852855767290773,0.27586206896551724,0.07049345417925479,0.5862068965517241,False,False,2,2,True,1.0,0.3333333333333333,1.0,0.29411764705882354
Gemini 3.7 Flash (high effort),thoughttrace-4,ThoughtTrace,success,0.27522935779816515,0.01679642257238683,0.18981481481481477,0.11093418259023355,0.4863636363636364,False,False,2,2,True,0.8333333333333334,0.7021276595744681,1.0,0.40186915887850466
Gemini 3.7 Flash (high effort),thoughttrace-5,ThoughtTrace,success,0.3076923076923077,0.024230967582087298,0.1932203389830508,0.08953119492421573,0.3220338983050847,False,False,2,2,False,0.0,0.7368421052631579,1.0,0.17894736842105263
Gemini 3.7 Flash (high effort),thoughttrace-6,ThoughtTrace,success,0.0979591836734694,5.838654224415975e-05,0.05102040816326525,0.07814407814407814,0.10985277463193659,False,False,4,4,True,0.7142857142857143,0.7878787878787878,1.0,0.17525773195876287
Gemini 3.7 Flash (high effort),thoughttrace-7,ThoughtTrace,success,0.272108843537415,0.02126497912568681,0.17554858934169282,0.05372199470007227,0.3824451410658307,False,False,2,2,True,0.8,0.5882352941176471,1.0,0.2540983606557377
Gemini 3.7 Flash (high effort),thoughttrace-8,ThoughtTrace,success,0.21140142517814725,0.01634804502326186,0.12962962962962965,0.11389802631578948,0.2953846153846154,False,False,2,2,True,0.8571428571428571,0.7297297297297297,1.0,0.234375
o4-mini,alfred-1,ALFRED,failed,0.6766917293233083,0.36042742749962575,0.4782608695652174,0.0798650168728909,0.927536231884058,False,True,2,0,True,1.0,1.0,,0.09375
o4-mini,mind2web-3,Mind2Web,failed,0.29508196721311475,0.01700707145727599,0.19148936170212771,0.12365591397849462,0.2978723404255319,True,False,2,2,True,0.8333333333333334,0.8888888888888888,,0.2857142857142857
o4-mini,prism-1,PRISM,failed,0.08730158730158731,1.986906320770464e-05,0.048034934497816595,0.0,0.10043668122270742,False,False,4,4,False,1.0,0.6666666666666666,,0.43478260869565216
o4-mini,prism-1,PRISM,failed,0.16236162361623618,0.0027121131857450404,0.08296943231441045,0.0,0.18340611353711792,False,False,4,4,False,1.0,0.6666666666666666,,0.2857142857142857
o4-mini,prism-3,PRISM,failed,0.08027923211169286,1.3989866873798338e-08,0.04251386321626616,0.1380952380952381,0.055248618784530384,False,True,6,2,True,1.0,0.75,,0.13333333333333333
o4-mini,swebench-2,SWE-bench,failed,0.4210526315789474,0.19354348851506534,0.2692307692307693,0.09307359307359307,0.8269230769230769,False,False,2,2,True,0.6,0.3333333333333333,0.0,0.5116279069767442
o4-mini,thoughttrace-2,ThoughtTrace,failed,0.14640522875816994,0.00012643868930869385,0.07488986784140972,0.1497504159733777,0.11678832116788321,False,False,4,4,True,0.8666666666666667,0.8207547169811321,1.0,0.0625
