model,dataset,pairs,bleu,corpus_bleu,rouge_l,word_lev_sim,from_success
Gemini 3.7 Flash (high effort),all,48,0.125711452325223,0.052613231473457416,0.3879078627537427,0.2829175670106519,45
Gemini 3.7 Flash (high effort),Mind2Web,8,0.22495085814676086,0.24482672218346202,0.575533998897815,0.4378118304188675,7
Gemini 3.7 Flash (high effort),ALFRED,8,0.18241779724700644,0.20974088445607875,0.5746192222203504,0.4423129765636509,7
Gemini 3.7 Flash (high effort),SWE-bench,8,0.22220901727276718,0.20591585049878977,0.414494734482004,0.31801156488524207,7
Gemini 3.7 Flash (high effort),PRISM,8,0.06200058455951965,0.05478336660476673,0.2939969705275457,0.19651828510071118,8
Gemini 3.7 Flash (high effort),PATHs,8,0.04179843233398349,0.0208672798477922,0.2495432825162262,0.1602220797195799,8
Gemini 3.7 Flash (high effort),ThoughtTrace,8,0.020892024391300393,0.008429449942905655,0.21925896787851532,0.14262866537585972,8
Gemini 3.7 Flash,all,48,0.11369731820606181,0.04384141497191415,0.36190443549872064,0.24935579538462313,47
Gemini 3.7 Flash,Mind2Web,8,0.21826428759789143,0.23290112982404046,0.5442711747027162,0.3971943524412408,8
Gemini 3.7 Flash,ALFRED,8,0.1545223876253408,0.1806285303260904,0.5573448334891558,0.4144793811630648,8
Gemini 3.7 Flash,SWE-bench,8,0.2130983460121617,0.18136371812503316,0.4090548120195664,0.2813143306322123,7
Gemini 3.7 Flash,PRISM,8,0.05752268456556679,0.05945160702418575,0.275434100332668,0.17421981465064418,8
Gemini 3.7 Flash,PATHs,8,0.019101339086776425,0.010135505864937928,0.19567058042336408,0.11553658630667946,8
Gemini 3.7 Flash,ThoughtTrace,8,0.01967486434863367,0.0059396017439235895,0.18965111202485324,0.11339030711389735,8
