batch,value,constructor,claim_relation,structural,operation,category_rule,composite,rule,speech_act,attribute,lexical_group,example,link,total
0,142,19,2,52,22,29,26,13,8,8,0,5,3,329
1,222,37,56,52,35,29,26,13,10,8,0,5,5,498
2,235,37,56,52,37,29,29,13,11,8,0,5,5,517
3,254,43,56,52,38,29,27,13,11,8,0,5,5,541
4,266,51,59,52,38,29,27,13,11,8,0,5,5,564
5,303,52,59,52,38,29,27,13,11,8,0,5,5,602
6,312,61,59,52,38,29,27,13,11,8,0,5,5,620
7,321,64,59,52,38,29,27,13,11,8,0,5,5,632
8,338,64,59,52,38,29,27,13,11,8,0,5,5,649
9,359,70,59,52,38,29,27,13,11,8,0,5,5,676
10,365,73,59,52,38,29,27,13,11,8,0,5,5,685
11,333,74,60,52,38,28,27,14,11,8,7,5,5,662
12,336,77,62,52,38,28,27,14,11,8,7,5,5,670
13,336,84,63,52,38,28,27,14,11,8,7,5,5,678
