batch,translators,successful,success_pct,add_closed,add_open,refine_closed,refine_open,accepted_add_closed,accepted_add_open,accepted_refine_closed,accepted_refine_open,add_mind2web,add_alfred,add_swebench,add_prism,add_paths,add_thoughttrace,refine_mind2web,refine_alfred,refine_swebench,refine_prism,refine_paths,refine_thoughttrace,accepted_add_mind2web,accepted_add_alfred,accepted_add_swebench,accepted_add_prism,accepted_add_paths,accepted_add_thoughttrace,accepted_refine_mind2web,accepted_refine_alfred,accepted_refine_swebench,accepted_refine_prism,accepted_refine_paths,accepted_refine_thoughttrace,glossary_live_records_after
0,,,,,,,,,,,,,,,,,,,,,,,,,,,,,,,,,,,,329
1,30,5,16.7,61,95,0,0,61,87,0,0,11,33,17,60,24,11,0,0,0,0,0,0,11,33,17,58,18,11,0,0,0,0,0,0,498
2,30,23,76.7,17,4,1,0,17,4,1,0,0,16,1,4,0,0,0,1,0,0,0,0,0,16,1,4,0,0,0,1,0,0,0,0,517
3,30,22,73.3,15,4,0,0,15,4,0,0,2,9,4,4,0,0,0,0,0,0,0,0,2,9,4,4,0,0,0,0,0,0,0,0,541
4,30,22,73.3,19,4,0,0,19,4,0,0,3,8,8,0,0,4,0,0,0,0,0,0,3,8,8,0,0,4,0,0,0,0,0,0,564
5,30,21,70.0,13,6,0,0,13,6,0,0,3,10,0,5,1,0,0,0,0,0,0,0,3,10,0,5,1,0,0,0,0,0,0,0,602
6,30,26,86.7,0,15,0,0,0,15,0,0,0,0,0,9,3,3,0,0,0,0,0,0,0,0,0,9,3,3,0,0,0,0,0,0,620
7,30,23,76.7,7,6,0,0,7,6,0,0,0,5,2,3,1,2,0,0,0,0,0,0,0,5,2,3,1,2,0,0,0,0,0,0,632
8,30,24,80.0,7,10,0,0,7,10,0,0,4,1,2,4,0,6,0,0,0,0,0,0,4,1,2,4,0,6,0,0,0,0,0,0,649
9,30,20,66.7,11,13,0,0,11,13,0,0,7,4,0,6,0,7,0,0,0,0,0,0,7,4,0,6,0,7,0,0,0,0,0,0,676
10,30,25,83.3,5,4,0,0,5,4,0,0,0,1,4,1,3,0,0,0,0,0,0,0,0,1,4,1,3,0,0,0,0,0,0,0,685
11,30,28,93.3,2,1,0,0,2,1,0,0,0,0,2,0,1,0,0,0,0,0,0,0,0,0,2,0,1,0,0,0,0,0,0,0,662
12,30,27,90.0,1,7,0,0,1,7,0,0,0,0,1,4,3,0,0,0,0,0,0,0,0,0,1,4,3,0,0,0,0,0,0,0,670
13,30,26,86.7,3,7,0,0,1,7,0,0,0,0,3,2,5,0,0,0,0,0,0,0,0,0,1,2,5,0,0,0,0,0,0,0,678
14,30,30,100.0,0,0,0,0,0,0,0,0,0,0,0,0,0,0,0,0,0,0,0,0,0,0,0,0,0,0,0,0,0,0,0,0,
